url,name,address,city,state,phone
http://www.zigmancpa.com/,Results,"îƒˆ727 N Wood Ave, Linden, NJ 07036",Linden,NJ,î‚°(908) 925-9899
https://hollislewiscpa.com/,Results,"îƒˆ2202 Timberloch Pl #112, Spring, TX 77380",Spring,TX,î‚°(281) 364-8888
http://www.msscpatx.com/,Results,"îƒˆ305 E Main St, Decatur, TX 76234",Decatur,TX,î‚°(940) 626-2062
https://www.mckinneytax.com/,Results,"îƒˆ1402 S Custer Rd Suite 102, McKinney, TX 75072",McKinney,TX,î‚°(469) 742-0283
http://peerlesscfo.com/,Results,"îƒˆ2170 Buckthorne Pl #400, Spring, TX 77380",Spring,TX,î‚°(281) 466-4670
http://www.bender-cpa.com/,Results,,Linden,TX,î‚°(817) 313-4352
http://lijinphilip.com/,Results,"îƒˆ295 E Renfro St #300, Burleson, TX 76028",Burleson,TX,î‚°(817) 297-3333
http://proofficetx.com/,Results,"îƒˆ4396 State Hwy 155, Linden, TX 75563",Linden,TX,î‚°(903) 799-0860
http://www.texasaccountingfirm.com/,Texas Accounting Firm - Standlee & Bleifeld CPAs PLLC,"îƒˆ1334 Brittmoore Rd #1000D, Houston, TX 77043",Houston,TX,î‚°(832) 769-7135
http://aibarra.cpa/,Parr & Ibarra CPA,"îƒˆ781 Lonesome Dove Trail, Hurst, TX 76054",Hurst,TX,î‚°(817) 562-5375
http://www.co.cass.tx.us/default.aspx?Cass_County/County.Assessor.Collector,Results,"îƒˆ604 TX-8, Linden, TX 75563",Linden,TX,î‚°(903) 756-5513
